{
  "reference": "D:\\Ui images for Windows Omnitune\\ChatGPT Image Jul 10, 2026, 03_00_04 PM (3).png",
  "actual": "docs\\qa\\premium-completion\\library-1672x941.png",
  "dimensions_match": true,
  "size": [
    1672,
    941
  ],
  "masked_regions": [],
  "measured_pixels": 1573352,
  "mean_absolute_rgb_error": 17.61735326869003,
  "max_pixel_mean_error": 255.0,
  "pct_pixels_over_10": 26.643561008598205,
  "pct_pixels_over_20": 19.430362690612146,
  "pct_pixels_over_40": 12.549130773024727
}