{
  "reference": "D:\\Ui images for Windows Omnitune\\ChatGPT Image Jul 10, 2026, 03_00_07 PM (10).png",
  "actual": "docs\\qa\\premium-completion\\downloads-1672x941.png",
  "dimensions_match": true,
  "size": [
    1672,
    941
  ],
  "masked_regions": [],
  "measured_pixels": 1573352,
  "mean_absolute_rgb_error": 12.565696042589325,
  "max_pixel_mean_error": 255.0,
  "pct_pixels_over_10": 20.319547056221367,
  "pct_pixels_over_20": 10.773622177363999,
  "pct_pixels_over_40": 6.6052606155520195
}