{
  "reference": "D:\\Ui images for Windows Omnitune\\ChatGPT Image Jul 10, 2026, 03_00_05 PM (5).png",
  "actual": "docs\\qa\\premium-completion\\artist-detail-1672x941.png",
  "dimensions_match": true,
  "size": [
    1672,
    941
  ],
  "masked_regions": [],
  "measured_pixels": 1573352,
  "mean_absolute_rgb_error": 20.071079665156514,
  "max_pixel_mean_error": 253.0,
  "pct_pixels_over_10": 37.584278661100626,
  "pct_pixels_over_20": 22.847334862128754,
  "pct_pixels_over_40": 13.608842776441636
}