{
  "reference": "D:\\Ui images for Windows Omnitune\\ChatGPT Image Jul 10, 2026, 03_00_07 PM (10).png",
  "actual": "docs\\qa\\premium-completion\\downloads-1672x941.png",
  "dimensions_match": true,
  "size": [
    1672,
    941
  ],
  "masked_regions": [
    [
      315,
      392,
      965,
      116
    ],
    [
      315,
      626,
      965,
      116
    ],
    [
      1356,
      188,
      260,
      150
    ],
    [
      1356,
      445,
      260,
      90
    ]
  ],
  "measured_pixels": 1287072,
  "mean_absolute_rgb_error": 12.080595594755643,
  "max_pixel_mean_error": 255.0,
  "pct_pixels_over_10": 20.09592314959847,
  "pct_pixels_over_20": 9.925707341935805,
  "pct_pixels_over_40": 6.033228910270754
}