{
  "reference": "D:\\Ui images for Windows Omnitune\\ChatGPT Image Jul 10, 2026, 03_00_06 PM (7).png",
  "actual": "docs\\qa\\premium-completion\\now-playing-1672x941.png",
  "dimensions_match": true,
  "size": [
    1672,
    941
  ],
  "masked_regions": [],
  "measured_pixels": 1573352,
  "mean_absolute_rgb_error": 29.638898775777236,
  "max_pixel_mean_error": 252.0,
  "pct_pixels_over_10": 32.37749721613473,
  "pct_pixels_over_20": 21.33451382780204,
  "pct_pixels_over_40": 16.49948644677097
}